Häufigste Suchanfragen,Klicks,Impressionen,CTR,Position
how to calculate body fat percentage,0,5,0%,90.2
calories burned walking,0,5,0%,94.8
how to calculate body fat,0,4,0%,88.75
calories burned walking per km,0,4,0%,93.5
how many calories will i burn walking,0,3,0%,85.33
how to count body fat percentage,0,3,0%,85.67
walking calories,0,3,0%,91.33
how to find out body fat percentage,0,3,0%,94
how many calories should i burn a day,0,3,0%,98.67
how many steps should i walk a day,0,2,0%,68
fall prevention balance exercises for seniors,0,2,0%,76
4 miles walking calories,0,2,0%,80
exercises for seniors with osteoporosis,0,2,0%,81
walk calorie,0,2,0%,81
how many calories does walking burn,0,2,0%,82
how to compute body fat,0,2,0%,82.5
calorie burn for walking,0,2,0%,83
calories burned walking 2 hours,0,2,0%,83
how can i calculate body fat percentage,0,2,0%,84
how do you calculate body fat percentage,0,2,0%,85
how to calculate fat percentage,0,2,0%,85
how many calories did i burn walking,0,2,0%,85.5
how to calculate body fat ratio,0,2,0%,86
how to know fat percentage,0,2,0%,86
how many calories do i burn walking,0,2,0%,86.5
how can you calculate body fat percentage,0,2,0%,87
how many calories does 1 hour of walking burn,0,2,0%,87.5
how to estimate body fat,0,2,0%,87.5
calories burned walking 20 minutes,0,2,0%,88
3 km walk calories,0,2,0%,88.5
how to figure body fat,0,2,0%,88.5
how many calories will i burn walking for 30 minutes,0,2,0%,89
how many calories do i burn walking 1 hour,0,2,0%,89.5
how many calories can you burn walking for 30 minutes,0,2,0%,90.5
how many calories burned walking 30 minutes,0,2,0%,91
how many calories can i burn walking for 30 minutes,0,2,0%,91.5
how many calories do i burn walking for 1 hour,0,2,0%,91.5
how to check your body fat percentage,0,2,0%,91.5
2 hour walk calories,0,2,0%,92
how many calories do you burn walking for one hour,0,2,0%,93.5
calories burned walking one hour,0,2,0%,95
calories walking,0,2,0%,95.5
how many calories does a 1 hour walk burn,0,2,0%,96
how to count calories in food without labels,0,1,0%,39
walk calories burn,0,1,0%,40
memory loss exercises,0,1,0%,67
memory exercises for adults,0,1,0%,69
how to calculate body fat percentage loss,0,1,0%,71
walking calories burned,0,1,0%,75
exercise for osteoporosis,0,1,0%,76
calories calculator for walking,0,1,0%,78
how many calories walking 1 km,0,1,0%,78
how to calculate fat loss percentage,0,1,0%,78
how to compute fat percentage,0,1,0%,79
exercise goal calculator,0,1,0%,80
how do you calculate fat percentage,0,1,0%,80
how to compute body fat percentage,0,1,0%,80
how to figure out fat percentage,0,1,0%,80
daily water intake calculator,0,1,0%,81
how much calories does walking burn,0,1,0%,81
how to i calculate my body fat percentage,0,1,0%,81
how to measure body fat percentage at home,0,1,0%,81
how to work out body fat percentage,0,1,0%,81
calories burned 6 mile walk,0,1,0%,82
calories burned walking 7km,0,1,0%,82
exercises to prevent falls,0,1,0%,82
how do you find out your fat percentage,0,1,0%,82
how to track protein intake free,0,1,0%,82
keep track of calories,0,1,0%,82
supertracker usda,0,1,0%,82
walking kcal calculator,0,1,0%,82
water intake calculator,0,1,0%,82
4 km walk calories,0,1,0%,83
how do i work out body fat,0,1,0%,83
how many calories does a 30-minute walk burn,0,1,0%,83
how to check fat percentage of body,0,1,0%,83
how to find fat percentage,0,1,0%,83
how to work out fat percentage,0,1,0%,83
track calories,0,1,0%,83
2.5 mile walk calories,0,1,0%,84
calorie expenditure walking,0,1,0%,84
fall prevention exercises,0,1,0%,84
how do i measure body fat percentage,0,1,0%,84
how do you calculate body fat,0,1,0%,84
how many calories does a 30 minute walk burn,0,1,0%,84
how many steps per hour walking,0,1,0%,84
how to calculate body fat rate,0,1,0%,84
walking calorie counter,0,1,0%,84
water weight loss calculator,0,1,0%,84
3 miles calories walking,0,1,0%,85
30 min of walking burns how many calories,0,1,0%,85
30 min walk calories,0,1,0%,85
calories walking burned,0,1,0%,85
how to check body fat percentage,0,1,0%,85
nutrition tracking access,0,1,0%,85
walking calories counter,0,1,0%,85
10 exercises to prevent falls,0,1,0%,86
3 mile walk calories,0,1,0%,86
calories burn walking,0,1,0%,86
calories burned walking 8 km,0,1,0%,86
daily steps goal,0,1,0%,86
free walking plan,0,1,0%,86
brain exercises for short term memory loss,0,1,0%,87
calorie and nutrient tracker,0,1,0%,87
calories per mile walking,0,1,0%,87
how many steps should you walk a day,0,1,0%,87
how to calculate the fat percentage,0,1,0%,87
ideal number of steps per day,0,1,0%,87
one hour of walking burns how many calories,0,1,0%,87
2 km walk calories,0,1,0%,88
determine body fat percentage,0,1,0%,88
how can you find your body fat percentage,0,1,0%,88
how do i figure out my body fat percentage,0,1,0%,88
how many calories does a one hour walk burn,0,1,0%,88
how many calories walking,0,1,0%,88
how to calculate body fat index,0,1,0%,88
how to measure fat percentage,0,1,0%,88
walking 10 km burns how many calories,0,1,0%,88
30 minute walk calories,0,1,0%,89
how can i measure body fat percentage,0,1,0%,89
how do i calculate body fat,0,1,0%,89
how do i calculate body fat percent,0,1,0%,89
how do you figure out body fat percentage,0,1,0%,89
how do you work out your body fat percentage,0,1,0%,89
how many calories burned when walking a mile,0,1,0%,89
how many calories does one hour of walking burn,0,1,0%,89
how to check fat percentage,0,1,0%,89
nutrition tracker free,0,1,0%,89
calories burned walking per mile,0,1,0%,90
how many calories burn in 1 hour walk,0,1,0%,90
how many calories burn in 1 hour walking,0,1,0%,90
how many calories per mile walking,0,1,0%,90
how measure body fat,0,1,0%,90
15 minute walk calories,0,1,0%,91
calories burned during walking,0,1,0%,91
how many calories 30 min walk,0,1,0%,91
how many calories are burned in 30 minutes of walking,0,1,0%,91
how many calories burned walking 10km,0,1,0%,91
how many calories do i burn daily,0,1,0%,91
how to find out body fat,0,1,0%,91
how to know your body fat percentage,0,1,0%,91
walking for 10 hours calories burned,0,1,0%,91
calories burned in walking,0,1,0%,92
calories burned walking 40 minutes,0,1,0%,92
how can you calculate body fat,0,1,0%,92
how many calories are burned walking,0,1,0%,92
how many calories burned in walking,0,1,0%,92
how many calories do you lose when you walk,0,1,0%,92
how many calories i burn walking 1 hour,0,1,0%,92
how many steps should i walk each day,0,1,0%,92
one hour walking calories,0,1,0%,92
calories burned for walking 30 minutes,0,1,0%,93
calories burned in walking for 30 minutes,0,1,0%,93
calories per hour walking,0,1,0%,93
how many calories do you burn walking,0,1,0%,93
how many calories does 1 hour walk burn,0,1,0%,93
one hour of walking calories burned,0,1,0%,93
30 minutes walking calories,0,1,0%,94
burning calories walking,0,1,0%,94
calories burn in 1 hour walking,0,1,0%,94
how many calories burn in one hour walk,0,1,0%,94
how many calories burned in 1 hour walking,0,1,0%,94
how many calories burned when walking,0,1,0%,94
how many calories do u burn a day,0,1,0%,94
how many calories does walking burn in 1 hour,0,1,0%,94
how many calories does walking for 2 hours burn,0,1,0%,94
how many walking steps per day,0,1,0%,94
how to check your body fat,0,1,0%,94
how to find my body fat percentage,0,1,0%,94
calories burn 30 minutes walking,0,1,0%,95
calories burned one mile walk,0,1,0%,95
calories burned walking 1 hour,0,1,0%,95
food tracking websites,0,1,0%,95
how do you figure out body fat,0,1,0%,95
how many calories do i need to burn a day,0,1,0%,95
how many calories does 1 hour walking burn,0,1,0%,95
how many calories does walking 2.5 miles burn,0,1,0%,95
how many calories does walking burn in an hour,0,1,0%,95
how many calories is burned walking,0,1,0%,95
how many steps to walk a day,0,1,0%,95
one hour of walking calories,0,1,0%,95
short term memory exercises for adults,0,1,0%,95
calories burned walking 1 km,0,1,0%,96
calories from walking,0,1,0%,96
free calorie food counter,0,1,0%,96
how many calories do i need to burn each day,0,1,0%,96
how many calories does walking for 1 hour burn,0,1,0%,96
how to track your calories for free,0,1,0%,96
how many calories a day do i burn,0,1,0%,97
how many calories burned walking,0,1,0%,97
how many calories do i burn a day,0,1,0%,97
how many calories do i have to burn a day,0,1,0%,97
how many calories should i burn everyday,0,1,0%,97
how many kcals should i burn a day,0,1,0%,97
how much calories should i burn everyday,0,1,0%,97
walking for 2 hours calories burned,0,1,0%,97
1 km walk calories,0,1,0%,98
15 min walk calories,0,1,0%,98
20 minute walk calories,0,1,0%,98
body fat percentage formula using bmi,0,1,0%,98
brisk walk calories,0,1,0%,98
calculator calories per day,0,1,0%,98
how many calories can i burn walking,0,1,0%,98
how many steps should i walk daily,0,1,0%,98
how much calorie should i burn everyday,0,1,0%,98
walking calorie burning,0,1,0%,98
calories burned per day,0,1,0%,99
how to track calories and protein,0,1,0%,99
30 mins walking calories burned,0,1,0%,100
daily calorie burn,0,1,0%,100
how many calories burned walking 1 hour,0,1,0%,100
how many calories can you burn walking,0,1,0%,100
how many calories should you burn everyday,0,1,0%,100
how many steps per day to be healthy,0,1,0%,100
how to calculate body fat composition,0,1,0%,100